line_id,text,speaker,season,episode,scene,utterance,EPISODE_ID
40,"Oh really, so that hysterical phone call I got from a woman at sobbing 3:00 A.M., ""I'll never have grandchildren, I'll never have grandchildren."" was what? A wrong number?",Monica Geller,1,1,1,40,S1E1
56,"Oh God... well, it started about a half hour before the wedding. I was in the room where we were keeping all the presents, and I was looking at this gravy boat. This really gorgeous Lamauge gravy boat. When all of a sudden- Sweet 'n' Lo?- I realized that I was more turned on by this gravy boat than by Barry! And then I got really freaked out, and that's when it hit me: how much Barry looks like Mr. Potato Head. Y'know, I mean, I always knew looked familiar, but... Anyway, I just had to get out of there, and I started wondering 'Why am I doing this, and who am I doing this for?'. So anyway I just didn't know where to go, and I know that you and I have kinda drifted apart, but you're the only person I knew who lived here in the city.",Rachel Green,1,1,1,56,S1E1
86,"Oh God, is it 6:30? Buzz him in!",Monica Geller,1,1,2,28,S1E1
89,Maybe. Joey: Wait. Your 'not a real date' tonight is with Paul the Wine Guy?,Monica Geller,1,1,2,31,S1E1
332,"Yeah, well, word of advice: Bring back the comedian. Otherwise next time you're gonna find yourself sitting at home, listening to that album alone.",Rachel Green,1,2,1,9,S1E2
672,"Listen. As someone who's seen more than her fair share of bad beef, I'll tell you: that is not such a terrible thing. I mean, they're your friends, they're just looking out after you.",Paula,1,3,4,2,S1E3
725,Fantastic! I have one question: How is that possible?,Monica Geller,1,3,6,4,S1E3
893,"Hey! Here's the birthday boy! Ross, check it out: hockey tickets, Rangers-Penguins, tonight at the Garden, and we're taking you.",Joey Tribbiani,1,4,2,15,S1E4
1113,"Okay, Monica: Right foot red.",Ross Geller,1,4,16,1,S1E4
1117,"Okay, Pheebs: Right hand blue. Good.",Ross Geller,1,4,16,5,S1E4
1472,"Well, y'know, I had some trouble with it at first too, but the way I look at it is, I get all the good stuff: all the fun, all the talking, all the sex; and none of the responsibility. I mean, this is every guy's fantasy!",Chandler Bing,1,6,3,33,S1E6
1603,"Look at it this way: you dumped her. Right? I mean, this woman was unbelievably sexy, and beautiful, intelligent, unattainable... Tell me why you did this again?",Ross Geller,1,6,8,1,S1E6
1737,"Oh, then no thanks. What the hell was that? Mental note: If Jill Goodacre offers you gum, you take it. If she offers you mangled animal carcass, you take it.",Chandler Bing,1,7,9,4,S1E7
2201,"Oh, I uh, just came by to pick up my skull. Well, not mine, but...Susan: Come in.",Ross Geller,1,9,3,3,S1E9
2424,"Nothing for you, you have Paolo. You don't have to face the horrible pressures of this holiday: desperate scramble to find anything with lips just so you can have someone to kiss when the ball drops!! Man, I'm talking loud!",Chandler Bing,1,10,2,12,S1E10
2691,"Folks, when we come back we'll be talking about her new book, 'Euphoria Unbound': the always interesting Nora Tyler Bing. You might wanna put the kids to bed for this one.",Jay Leno,1,11,3,6,S1E11
3062,We've got a couple changes in your schedule. Your 4:00 herbal massage has been pushed back to 4:30 and Miss Somerfield canceled her 5:30 shiatsu.,Phoebe's Assistant,1,12,6,1,S1E12
3064,"Oh, here comes your 3:00. I don't mean to sound unprofessional, but, yum",Phoebe's Assistant,1,12,6,3,S1E12
3250,"Uh, it's 2:30 in the morning!",Joey Tribbiani,1,12,15,4,S1E12
3506,Clear the tracks for the boobie payback express. Next stop: Rachel Green.,Joey Tribbiani,1,13,13,2,S1E13
3673,"A piece of something: boxer shorts, greeting cards, and what looks like a half-charred pictureWow, that guy's hairier than the Chief!",Fireman No. 2,1,14,13,2,S1E14
4270,"Pretty well. Except for the stapler thing. Little tip: if youre ever in a similar situation, never ever leave your hand... ..on the desk.",Chandler Bing,1,16,15,3,S1E16
4610,": Yeah, um... You know you, you should just forget about what I said under the bridge, I was talkin' crazy that night, I was so drunk!",Phoebe Buffay,1,17,12,10,S1E17
4660,"Hey... hi, ladies... uh, can I get you anything? : Did you bring the mail?",Rachel Green,1,18,1,3,S1E18
4662,": Really? : Sure, we have scones left! : OK, read them to me.",Rachel Green,1,18,1,5,S1E18
4663,": Dear Ms. Green, thank you for your inquiry, however... oh...",Phoebe Buffay,1,18,1,6,S1E18
4664,: We have apple cinnamon...,Rachel Green,1,18,1,7,S1E18
4665,: OK... Dear Ms. Green... yeah... yeah... yeah... No.,Monica Geller,1,18,1,8,S1E18
4668,: Your Visa bill is huge!,Phoebe Buffay,1,18,1,11,S1E18
4680,"Look, I am totally, totally over her, OK, I just... : Hiiii!",Ross Geller,1,18,1,23,S1E18
4731,": Oh I see, so then, you were lying.",Phoebe Buffay,1,18,2,24,S1E18
4748,": So basically, you get your ya-yas by taking money from all of your friends.",Rachel Green,1,18,2,41,S1E18
4757,"Oh, come on. What was with that whole Black Bart speech? : ""When I play poker, I'm not a nice guy!""",Chandler Bing,1,18,3,4,S1E18
4774,Oooooh. : Oh! I got an interview! I got an interview!,Rachel Green,1,18,4,9,S1E18
4776,: Sak's... Fifth... Avenue.,Rachel Green,1,18,4,11,S1E18
4791,No! That's bluffing. Lesson number one. Let me tell you something... everything you hear at a poker game is pure crap. : Nice earrings.,Aunt Iris,1,18,4,26,S1E18
4843,"Alright. : Your money's mine, Green.",Ross Geller,1,18,7,16,S1E18
4854,"Well, well, well, hop back in bucko, cause I got four sixes! I won! I actually won! Oh my God! Y'know what? I think I'm gonna make a little Ross pile. I think that one was Ross's, and I thinkohthat one was Ross's. Yes! : Well, I have got your money, and you'll never see it...",Rachel Green,1,18,7,27,S1E18
4906,: Loser?,Rachel Green,1,18,7,79,S1E18
4925,": Thank you. : I saw your twenty-five, and I raise you... seven.",Rachel Green,1,18,7,98,S1E18
4928,": Joey, I'm a little shy.",Ross Geller,1,18,7,101,S1E18
4931,": What do you need, what do you need?",Chandler Bing,1,18,7,104,S1E18
4937,": OK, I am calling your seventeen. What do you got?",Ross Geller,1,18,7,110,S1E18
4943,": Ahhh, that's alright. Y'know, that's a tough hand to beat.",Joey Tribbiani,1,18,7,116,S1E18
4944,: I thought we had them!,Chandler Bing,1,18,7,117,S1E18
4965,"Okay, okay, I checked. We have: Earl Grey, English Breakfast, Cinnamon Stick, Camomile, Mint Medley, Blackberry, and.. oh, wait, there's one more, um.. Lemon Soother. You're not the guy that asked for the tea, are you? Okay.",Rachel Green,1,19,1,1,S1E19
5418,"Four letters: ""Circle or hoop"".",Ross Geller,1,20,9,1,S1E20
5477,I just wanna clarify this: are you outing Mr. Peanut?,Ross Geller,1,20,12,3,S1E20
5852,"Well, think about it. It's always on the news. 'A man is being held up, at gunpoint.' 'Tourists are being terrorised, at gunpoint.' And I just kept thinking: why does people continue to go there? Oh, ah. I should go.",Ethan,1,22,6,4,S1E22
6390,": Could you take it to Carol's every now and then, and show it to Ben, just so he doesn't forget me?",Ross Geller,1,24,2,29,S1E24
6448,: That book got me through some tough times.,Joey Tribbiani,1,24,2,87,S1E24
6475,"No! None! I mean, my first night in the city, he mentioned something about asking me out, but nothing ever happened, so I just... : W-well, what else did he say? I mean, does he, like, want to go out with me?",Rachel Green,1,24,3,7,S1E24
6514,": Toby... Oh, for God's sake, I don't know what she's talking about! There's no Rachel! Don't give me that deep freeze.",Man,1,24,4,21,S1E24
6675,"Yeah, it's really 6:00 tomorrow night our time.",Ross Geller,2,1,3,35,S2E1
8219,"Monica, it's 6:30 in the morning. We're not working out, it's over.",Chandler Bing,2,7,12,2,S2E7
8300,"No, ma'am. Well, anyhoo, we should be getting our F.D.A. approval any day now, hopefully, in time for Thanksgiving. See, the way we look at it, chocolate already dominates most of your major food-preparation holidays: Easter, Christmas, what have you.",Mr. Ratstatter,2,8,4,12,S2E8
8419,"Ok, ok, number one: The way you cry at game shows. Number two: how much you love your friends. Number three: the way you play with your hair when you're nervous. Number four: how brave you are for starting your life over. Number five: how great you are with Ben.",Ross Geller,2,8,10,6,S2E8
8420,Number six: the way you smell.,Ross Geller,2,8,10,7,S2E8
8632,"Hey, here's a theme: Come on in, live like bacon.",Ross Geller,2,9,7,20,S2E9
10023,I know. chandler: Now we can finally watch Green Acres the way it was meant to be seen.,Joey Tribbiani,2,15,1,8,S2E15
12643,And once again she is out of here. Okay who had 9:45? Um?,Barry Farber,2,24,10,17,S2E24
13103,"Okay, hey, that's okay with me. Two down and I have exactly twelve minutes.... Wha, my watch stopped. My watch. Okay, see, the, the dinosaur tail isn't going around any more. What time is it? It's 7:33, I have seven minutes. I have seven minutes!!",Ross Geller,3,2,3,50,S3E2
16024,"Eight o'clock is the cut-off and, aww, it's 8:02.",Clerk,3,13,1,6,S3E13
16080,"Oh, um, around 8:02. We ah, talked for a little while, and then um, we went out for an innocent burger.",Monica Geller,3,13,3,31,S3E13
16663,"Uh, 10:30.",Joey Tribbiani,3,15,5,3,S3E15
16665,4:30.,Joey Tribbiani,3,15,5,5,S3E15
16914,"And y'know what, I'm gonna, I'm gonna go to bed now, but ah, on my way to work tomorrow morning, I'm gonna stop by around 8:30.",Rachel Green,3,16,6,8,S3E16
17139,"Hi, it's Phoebe. Listen someone's gonna have to take my 9:00 with Mr. Rehack, 'cause it's like 9:15 now, and I'm not there.",Phoebe Buffay,3,16,13,108,S3E16
18954,7:15. Watch doesn't work.,Chandler Bing,3,22,9,9,S3E22
19595,"So, in conclusion, the lines all go up , so I'm happy. Great job team! Tomorrow at 8:30. Phil! Nice job. Stevens! Way to go! Joel-burg, you maniac! I love ya! Bing! Good job, couldn't have done it without ya.",Doug,3,24,14,2,S3E24
20008,"Okay. Wow, it's-it's 5:30 in the morning. So, I'd better get cracking on this baby.",Ross Geller,4,1,4,9,S4E1
20167,"It was 5:30 in the morning, and you had rambled on for 18 pages. Front and back!! Oh-oh-oh, and by the way, Y-O-U-apostrophe-R-E means 'you are,' Y-O-U-R means 'your!'",Ross Geller,4,1,12,20,S4E1
21044,"Jeez, at 2:30 in the morning, I didn't expect to have to fight over the remote.",Chandler Bing,4,5,3,4,S4E5
21169,It's 4:30.,Joey Tribbiani,4,5,9,7,S4E5
23626,It's 9:30 in the morning!,Monica Geller,4,14,4,28,S4E14
23863,So good then! We'll see you at Riverside Park at 2:00! Cheers!,Devon,4,15,3,22,S4E15
24899,"All right look, am I serious, okay? Tomorrow at 3:30 I am going down to the courthouse.",Chandler Bing,4,18,12,5,S4E18
25355,It's 6:00.,Chandler Bing,4,20,7,3,S4E20
29627,"I...Reorganized The Fridge. See, Bottom Shelf: Meats And Dairy. And Top Shelf expired products.",Ross Geller,5,10,1,3,S5E10
30012,"Okay, Lesson One: Chords. Now, I Don'T Know The Actual Names Of The Chords But Umm, I-I-I Made Up Names For The Way My Hand Looks While I'M Doing Them. So then, this is Bear Claw. Okay, umm, Turkey Leg and Old Lady.",Phoebe Buffay,5,11,3,23,S5E11
32224,"Made a few calls, pulled some strings, and they agreed to seat us at 11:30 if we both had the chicken and didn't get desert.",Chandler Bing,5,19,1,7,S5E19
32879,2:17.,Ross Geller,5,21,2,8,S5E21
33995,8!:,The Croupier,5,24,8,21,S5E24
35296,"Okay, I got us a court date for tomorrow at 2:00 and I picked up all the forms. I'll take care of everything.",Ross Geller,6,5,4,13,S6E5
36101,"Or maybe, it's because you're hanging around here at 11:30 on a Wednesday.",Joey Tribbiani,6,8,2,27,S6E8
37399,"I Think It's Great That You Work Here. You'Re Going To Make A Lot Of Money, And Here's Your First Tip. Don't eat yellow snow. . Ah ha ha, 2:15, coffeehouse.",Chandler Bing,6,12,8,11,S6E12
39714,"Oh come on guys, it's not like I moved to Europe! I just moved across the hall! And we would have you over all the time if it weren't for Monica's allergies. You're right, I could never lie to you. She hates you. Should I get that? Hello? Uh no, Joey's not here right now. Can I take a message? Yeah, okay so the audition has been moved from 5:00 to 2:30? Okay great. Bye.",Chandler Bing,6,20,7,2,S6E20
39725,"Hello? What are you talking about? The audition's not 'til 5:00! Well, nobody told me! Who'd you talk to? Nevermind!",Joey Tribbiani,6,20,8,5,S6E20
39796,"It was 5:30 in the morning, and you had rambled on for 18 pages. Front and back!! Oh-oh-oh, and by the way, Y-O-U-apostrophe-R-E means 'you are,' Y-O-U-R means 'your!'",Ross Geller,6,20,9,18,S6E20
39834,"Joey? Got you a Joey Special, two pizzas! Joe? Hello? Damnit! Hello? No, Joey's not here right now, but I can take a message I think. He's still got a chance for the part?! Oh, that's great news! Well no obviously not for the actor who was mauled by his dog. Oh well, that's great. I will give Joey the message. Thank you! Yes! Okay, Mac audition at 2:00. Allergy actor attacked. By dog not flowers.",Chandler Bing,6,20,10,2,S6E20
42207,Oh yeah? Well then how come I can't get my VCR to stop blinking 12:00?,C.H.E.E.S.E.,7,4,1,5,S7E4
43070,"Ohh, wow! That's great! Oh wow! We really have to start planning! I have, I have a lot of really specific ideas! We should probably get together like four times per week. You can come over to my place; we'll get together before work! What do you say, 6:30, my place? I'm so excited!",Monica Geller,7,6,12,25,S7E6
43689,"Yes, at 4:00.",Tag Jones,7,9,3,3,S7E9
43735,4:00 A.M.,Chandler Bing,7,9,5,10,S7E9
43981,Forty-five minutes? We have tickets to the Musicman at 8:00.,Chandler Bing,7,10,4,5,S7E10
44212,I'll see you at 8:00.,Joey Tribbiani,7,11,2,6,S7E11
44214,"Oh, what's at 8:00?",Chandler Bing,7,11,2,8,S7E11
44336,Or! I should rush through dinner with Joey and I can meet David at 9:00!,Phoebe Buffay,7,11,7,35,S7E11
44348,"Oh really? Uh, Monica said she had a date at 9:00.",Chandler Bing,7,11,8,12,S7E11
45503,"Shhh! I'm on a call! Umm well yeah, you can pick it up tonight, say 8:30? At-at my apartment. It's umm, it's umm 5 Morton Street, Apartment 14, umm and then maybe y'know after we can grab a bite to eat or whatever. Okay, well okay I'll see you then. Bye.",Phoebe Buffay,7,15,7,25,S7E15
45910,Well I was... I was exactly expecting company after... 9:15.,Chandler Bing,7,16,8,36,S7E16
46289,We have 8:00 reservations at Grammercy Bistero.,Ross Geller,7,17,9,7,S7E17
46632,"Honey, we have to go. Our reservations are at 8:00.",Rachel Green,7,18,16,6,S7E18
46633,...in Reservations at 8:00 by Neil Simon. Thank-thank you Neil. Thank you for the words.,Phoebe Buffay,7,18,16,7,S7E18
47122,"Listen, I know the invitation says 6:00, but does that mean that you want people to get there at six, or the show is gonna start right at six?",Joey Tribbiani,7,20,8,17,S7E20
48521,Funny: Ha-Ha Or Funny,Chandler Bing,8,1,3,70,S8E1
51925,"Honey, it's 2:00 on a Wednesday and I'm watching Road Rules, how stressed do you think I am?",Chandler Bing,8,13,2,11,S8E13
53226,"Item J437-A, color: winterberry. Hi umm, listen come here, come in. I'm so-so sorry about yesterday. I-I'm really sorry. It's just that I...",Ross Geller,8,17,14,2,S8E17
54536,"...taking a long walk, and then there's the one that's proved most effective: sex.",Dr. Long,8,22,7,34,S8E22
56087,"Chandler, wait. It goes: Old job, new job, you. This is just something I have to do.",Monica Geller,9,3,15,19,S9E3
56130,: hey Joey.,Monica Geller,9,4,2,1,S9E4
56132,: Joey I am not going to objectify woman with you but if her face is as nice as her ass woah mamma.,Monica Geller,9,4,2,3,S9E4
56134,: yeah he has to stay in Tulsa this weekend.,Monica Geller,9,4,2,5,S9E4
56136,": he has to work, there's some rush on the big ah damn it one of these days I'm really gonna have to start listening when he talks about his job.",Monica Geller,9,4,2,7,S9E4
56138,: maybe I will go yea will have a second honeymoon at the Tulsa romana.,Monica Geller,9,4,2,9,S9E4
56140,: how do you know I have one of those?,Monica Geller,9,4,2,11,S9E4
56194,DO NOT DISTURB DO NOT DISTURB! Monica:,Chandler Bing,9,4,6,2,S9E4
56195,: is everything all right?,Monica Geller,9,4,6,3,S9E4
56197,: I'm gonna go freshen up ok.,Monica Geller,9,4,6,5,S9E4
56200,: Hey Rach its me ok I just got the Chandler's room and I caught him molesting himself.,Monica Geller,9,4,6,8,S9E4
56202,: yea well the weird part is... he was getting off to a shark attack show!,Monica Geller,9,4,6,10,S9E4
56204,: Yes! Chandler Watches Shark Porn!,Monica Geller,9,4,6,12,S9E4
56207,": do you know how many times I've seen him jump up like that, believe me I know what he was doing.",Monica Geller,9,4,7,2,S9E4
56209,: what means if he gets like a disease or kills someone. not if he gets his jollys to jaws!,Monica Geller,9,4,7,4,S9E4
56211,: Eww are you talking about my bother.,Monica Geller,9,4,7,6,S9E4
56218,: But you don't remember sleeping with her.,Monica Geller,9,4,7,13,S9E4
56222,": what's the big deal, you forgot, she forgot, maybe you were having an off night.",Monica Geller,9,4,7,17,S9E4
56224,: Honey why don't you just let it go and ask her out again.,Monica Geller,9,4,7,19,S9E4
56227,": Joey, Joey.",Monica Geller,9,4,7,22,S9E4
56229,: you don't think sharks are sexy do you?,Monica Geller,9,4,7,24,S9E4
56284,": Hi, how was your flight?",Monica Geller,9,4,11,2,S9E4
56286,": Here why don't you sit down, get yourself comfortable because I. have a little surprise for you.",Monica Geller,9,4,11,4,S9E4
56288,: Ok This is how much I love you.,Monica Geller,9,4,11,6,S9E4
56290,: Is this not the good part? Do you want me to fast forward to something a little toothier.,Monica Geller,9,4,11,8,S9E4
56292,": Oh well this is the only one they had at our video store, but they did have something called crocodile killers. Or does it always have to be sharks?",Monica Geller,9,4,11,10,S9E4
56294,": Honey look we can do something else, do you want me to get into the tub and thrash.",Monica Geller,9,4,11,12,S9E4
56296,": sweetie it's ok, I still love you, let me be a part of this.",Monica Geller,9,4,11,14,S9E4
56298,: I saw what you were doing in Tulsa. angry sharks turn you on!,Monica Geller,9,4,11,16,S9E4
56300,: then why were you watching them and giving YOURSELF a treat.,Monica Geller,9,4,11,18,S9E4
56302,: really?,Monica Geller,9,4,11,20,S9E4
56304,: I cannot tell you how happy that makes me!,Monica Geller,9,4,11,22,S9E4
56306,": Im very, very drunk right now.",Monica Geller,9,4,11,24,S9E4
56372,"Well, let's see. The first one is: I don't want to. And, you know, I'm not going.",Rachel Green,9,5,4,4,S9E5
56408,"kay, look: Can we just drop this? I'm not gonna smoke again.",Chandler Bing,9,5,6,6,S9E5
56417,"Well, I'll tell you what we're gonna do: We are already late for Phoebe's birthday dinner, so you point out put out that cigarette, we're gonna put this fight on hold and go have sex.",Monica Geller,9,5,6,15,S9E5
56450,"Wha-a how about this: Another table leaves, right? But there's still some food left on their place, okay, what's the restaurant's policy about people eatin' that?",Joey Tribbiani,9,5,8,6,S9E5
56474,"I understand, separation is hard. One time I was about to leave Ross to go to the beauty parlor and he got so upset, he took off all his clothes, tucked his ??? between his legs and cried out: ""Mommy, I'm a girl, take me with you.""",Judy Geller,9,5,10,4,S9E5
56490,"Thank you. Waiter! 'lright, this is gonna be fast, so try to keep up: Risotto with the shaped truffles and the roasted rip steak with the golden Chanterelles and a Bordelaise sauce and that any that stuff I just said means snails.",Joey Tribbiani,9,5,12,2,S9E5
56495,"Oh, uh, again. Can I make a special request: Can you bring everything as soon as it's ready? Appetizers, entrees, we don't care.",Joey Tribbiani,9,5,12,7,S9E5
56548,You not gonna believe this: She lied! She tricked me into having sex with her.,Chandler Bing,9,5,12,60,S9E5
56580,YOU BET YOUR ASS I AM! I just had the best first day ever! The kitchen: twice as big as Allessandro's.,Monica Geller,9,6,1,4,S9E6
56635,"Wa... wa... wait! We can... call them later. Can you just... just stand there f-f-for a moment? Boy! There's an old Russian expression, uhm... it goes: Schto ya ztez vigul... ui! Roughly translated that means uhm... This thing that I'm looking at: wow!",David,9,6,4,10,S9E6
56637,"Are... are you kidding? You know, when you don't see someone for a long time, a-a-and you kind of build them up in your head and you start thinking about: Come on, don't be crazy. Nobody is that beautiful, but... well, you are. Well, so, uhm... are you seeing... anyone?",David,9,6,4,12,S9E6
56642,He said: Are you seeing someone? And I said no...,Phoebe Buffay,9,6,5,3,S9E6
56644,"Yeah! I mean, I don't know. I was just , I was looking, I was looking in his eyes and I was just thinking: Oh my God! It's David. David's here. He's just, he's so irresistible.",Phoebe Buffay,9,6,5,5,S9E6
56684,"Like in my last job, I met Daniel when he was three weeks old. And I got to watch him grow into this awesome person... When I Left, I Said I'll see you soon... And he said to me: Skdandy... That was his name for me... I'll see you every day... right in...",Sandy,9,6,7,12,S9E6
56868,"Really...? See... that's the thing: you gotta keep it smart, people!",Chandler Bing,9,6,17,3,S9E6
56923,"Yeah! Right! People eat birds... Bird meat... Now do they just fly into your mouth or you go to... you go to a restaurant and you say: ""Excuse me, I'll have a bucket of fried bird."" Or... or maybe just a wing or...",Joey Tribbiani,9,7,2,10,S9E7
56942,"Yeah, totally! You are in such good hands. And I'm so good with meeting parents. With the father, you know, you want to flirt a little bit, but not in a gross way. Just kind of like: ""Oh mr. Pincer, I can see where Wallis gets his good looks...""",Rachel Green,9,7,3,12,S9E7
56989,"Mom, dad, this is Phoebe. Phoebe, these are my parents: Theodore and Bitsy.",Mike Hannigan,9,7,6,7,S9E7
57050,"Guess I don't know. My experience: if a girl says yes to being taped... She doesn't say no to much else, I tell ya...",Joey Tribbiani,9,7,8,12,S9E7
57082,"No, no, no, I actually it's any baby animals: kittens, fish babies... You know... especially veal... and this, this nice vein of fat running through it... Hmmm... yummy Hmmm...",Phoebe Buffay,9,7,10,12,S9E7
57161,"I guess I'm going to have to come up with a really good reason why I wasn't there. The producers are going to be so mad at me. They sat us all down yesterday and said ""Everyone has to be there at 6:00 AM sharp, that means you Tribbiani."" Like.. like I was some kind of idiot.",Joey Tribbiani,9,8,1,18,S9E8
57168,It's your favorite sister. Ross and Rachel while looking at each other surprised and shocked: Jill? Woman at door in a sing song voice: Amy.,Woman At Door,9,8,1,25,S9E8
57191,"No, he was this creepy guy from high school who had this huge crush on her since like the ninth grade. Ross with a look of wondering how long this is going to go on on his face: Still me.",Amy Green,9,8,1,48,S9E8
57192,"No, I'm not talking about you. It was your fat friends brother with that bad afro, do you remember? Ross starts talking over her 'do you remember' line: Amy. I'm going to save you some time, ok. All me. Monica and Chandler's Apartment.",Amy Green,9,8,1,49,S9E8
57258,Oh I was just thinking. You know what would be incredible? If you guys died. Ross first has a look of 'huh' then changes it to sarcastic happy: Thank you Amy.,Amy Green,9,8,1,115,S9E8
57287,"Hey. Amy. You've got to stop doing that. Monica about to have a heart attack: Okay, listen I know you're having a little bit of a family crisis, but you don't have to take it out on the plates. I mean, I mean in fact I think that everyone should cut their food like this.",Rachel Green,9,8,1,144,S9E8
57303,"Thats not how you see me, is it? Phoebe while cutting a sweet potatoe in the air: No you're all about the fun.",Monica Geller,9,8,1,160,S9E8
57321,How hard is it? No shoes on the furniture. Back to Monica and Chandler's apartment. Amy is sitting on a chair by the bay window looking mad. Joey groans and gets off the phone: The producer from Days left a message on my machine asking why I wasn't at the parade. They said everybody's pissed off at me.. And they all got to meet Santa!,Monica Geller,9,8,1,178,S9E8
57324,"Ooh, what happened? Joey all nervous and looking down and fiddling with his ear: Oh.. My sister's raccoon.",Phoebe Buffay,9,8,1,181,S9E8
57332,"Oh no thats okay, you're totally right. I don't know anything about disciplining a child. But it did hurt my feelings and I want you to know that when I die, you don't get Joey. Ross walks away with a face of yeah ok. Amy walks over to the couch and sits down next to Rachel: Ucch. Uchh In case you hadn't noticed, I'm not talking to you.",Chandler Bing,9,8,1,189,S9E8
57373,Forget the bubblewrap! There isn't time! Rachel starts messing up Amy's hair: Frizzy frizzy frizzy frizzy!!,Monica Geller,9,8,1,230,S9E8
57409,No problem! Next week: stealing...,Phoebe Buffay,9,8,2,10,S9E8
57446,"Oh that's so cute: Ross and Mike's first date. Is that going to be awkward? I mean, what are you guys going to talk about?",Rachel Green,9,9,2,12,S9E9
57665,"""Dear losers, do you really think I'd hide presents under the couch? P.S.: Chandler, I knew they'd break you.""",Rachel Green,9,10,4,25,S9E10
57769,"Well look, it's not easy to spend this much time apart, you know. She's entitled to be a little paranoid... or, in this case: right on money! ... You know, she's amazing, and beautiful, and smart, and if she were here right now, ...she'd kick your ass. Look, you're a really nice person... ham stealing and adultery aside. But, what I have with my wife is pretty great, so nothing is ever gonna happen between us.",Chandler Bing,9,10,10,11,S9E10
57770,"Okay, let me ask you something: if what you and your wife have is so great, then why are you spending Christmas with me?",Wendy,9,10,10,12,S9E10
57909,": Pheebs, have you ever been bitten by a hungry Italian?",Joey Tribbiani,9,11,2,4,S9E11
58380,"Well, it was, and you would have seen it if you didn't showed up at ... 9:30?? God! Oh, this party was lame ...",Rachel Green,9,12,12,11,S9E12
58496,"Hum...So...hum...Oh hey I noticed you were reading the paper...another flood in Europe? Here's a question: ""Would you...would you rather drown or be burnt alive?""",Ross Geller,9,13,4,18,S9E13
58755,"Yeah, because it is slim pickings. I had this date last night: Yuck! But we should probably keep it down; she's still in the bedroom.",Joey Tribbiani,9,14,2,16,S9E14
58912,"Well, if you stay till 9:20, I am.",Waiter,9,14,11,12,S9E14
59026,Joey! You never gonna believe it: she called.,Rachel Green,9,15,2,6,S9E15
59088,"Hey! I-I-I don't care if he's hot, you know. If you want to sleep with him, do it on your own time. This is a play. No, listen: if you insist on this, I will call my agent so fast on a cell phone that has a connection that is so clear he's gonna think I'm next door.",Lennart,9,15,4,29,S9E15
59089,"Ah, hi, ah. Thank you so much for whispering for my benefit, but, ah, look, if you just tell me what I did wrong, I'd just love to work on it and come back and try it again for you. And, and also: 'How you doing?' You should, please, just gimme another chance. I really wanna get better, please.",Joey Tribbiani,9,15,4,30,S9E15
59129,So you're a little older. Try to look at the positive: You have all this life experience.,Monica Geller,9,15,6,9,S9E15
59137,"Well, first of all, they're not called ""sneakers"" anymore. Apparently, they're called ""kicks"" or ""skids"" and I think I heard somebody say ""slorps"". And here, look: they've got these wheels to pop out from the bottom so you can roll around 'cause, apparently, walking is too much exercise. Kids, kids, roll your way to childhood obesity! Would you help me try to sell these?",Chandler Bing,9,15,6,17,S9E15
59163,"Anyway, I was heading towards this bakery, you know, to pick up a couple of dozen Linzer torts for someone... ... when outta nowhere this thug with a pipe jumps out and says: ""Gimme your money, punk!""",Ross Geller,9,15,7,22,S9E15
59165,"I know! And-and the worst part was they took my backpack which had all the original artwork I had done for my own comic book: ""Science Boy""",Ross Geller,9,15,7,24,S9E15
59200,"Yes. Plus... what you've got that... I don't know what you've got going... this squirmy quality that you bring into the character that I couldn't've even imagined. Wow, hey, here's what we gonna do: come back tomorrow for the final callbacks with the ***, do all of this what you've got going now, but you know what? more, more. Can you do that?",Lennart,9,15,8,19,S9E15
59202,"Look at that: still in character, I like it... I plant seeds I can't explain.",Lennart,9,15,8,21,S9E15
59209,"Yes, how's this: They're so uncomfortable it's like getting kicked in the nuts for your feet!",Chandler Bing,9,15,9,6,S9E15
59244,That's interesting! Just one thought: You didn't mention the shoes. Who's next? Chander.,Boss,9,15,11,2,S9E15
59247,"A-huh. So he's rolling down the street and he starts to lose control, you know... maybe he falls... maybe hurts himself. Just then, a kid comes flying by wearing the shoes. He jumps over the old guy and laughs, and the line reads: ""Not suitable for adults!""",Chandler Bing,9,15,11,5,S9E15
59394,I am on fire! Chandler : Listen...this is really nice. Do you... Did you write a cheque to Monica for two thousand dollars? Did Monica borrow money from you?,Joey Tribbiani,9,16,6,16,S9E16
59504,"Hey! What do you guys think about this. ""Ross: The Divorce-Force"".",Ross Geller,9,16,13,1,S9E16
59559,"Let me see what you wrote about yourself: ""Doctor Paleontology, two kids... "" You split with Carol because you have different interests?... I think you split with Carol because you've one very similar interest!",Chandler Bing,9,17,1,12,S9E17
59606,": Step away from the crib, I have a weapon!",Rachel Green,9,17,4,2,S9E17
59744,"Alright you two, I'm gonna go to the bathroom. Now I don't want anything going on while I'm gone. Here's a few things you can discuss: mucus, fungus and the idea of me and Ross doing it.",Monica Geller,9,17,11,2,S9E17
59763,"I've heard the speech: ""if he knew it was gonna be the last time he saw her... """,Manny,9,17,11,21,S9E17
59837,"Yeah me too. oh! I have an idea. Why don't we all pitch in 50 bucks, we'll pool our money together and then if we win, we'll split it! Everyone almost simultaneously except Ross: yeah thats a great idea!",Rachel Green,9,18,1,17,S9E18
59913,"I can see the headline now: ""Lottery winners' friend filled with regret eats own arm"".",Chandler Bing,9,18,2,58,S9E18
59949,"Ok, here we go. We need to sort out the tickets as quickly as possible to see if we've won. So does anybody have any ideas how to organize this? Ok, how about this: we divide them into 6 groups of 40, and the remaining 10 can be read by whoever finishes their pile first.",Monica Geller,9,18,2,94,S9E18
60032,"Rach, come on! They are announcing the numbers! My God, I can already feel myself changing. TV: ""Here we are, the official Powerball numbers! We have 53""",Joey Tribbiani,9,18,3,28,S9E18
60037,"Mum, please!I know you love your new lips, but I can barely understand you! Would you, please, just let me say goodnight to my daughter? TV: ""And number 29! Here we go! The Powerball is 7""",Rachel Green,9,18,3,33,S9E18
60057,"Oh, oh, ok, great. You know what, while you're at it she said another word the other day, why don't you, why don't you look up: pbbqqt....",Ross Geller,9,18,3,53,S9E18
60058,"Alright, okay, okay, gleba, gleba... Gleba! Ha! Here it is: the fleshy, spore-bearing inner mass of a certain fungi.",Rachel Green,9,18,3,54,S9E18
60111,"God, you're beautiful...why are we fighting this?You know you want it to happen as much as I do. Joey: I want you.I need you.Let me make love to you.",Joey Tribbiani,9,19,1,1,S9E19
60131,"Well, it was an accident...You know, it's a lot of oil and sometimes the hand just slips! Chandler: Have I got a surprise for you? Pack your bags!",Phoebe Buffay,9,19,2,10,S9E19
60162,On a bell please! Quietly.. and ACTION! Olivia: Drake! What are you doing in here?,Director,9,19,3,12,S9E19
60169,"Oh, what about this one. Rachel: OH!",Dr. Drake Ramoray,9,19,3,19,S9E19
60183,Thank you! 2nd Customer: It was. The duck in particular was superb.,Monica Geller,9,19,4,2,S9E19
60184,Thank you! You haven't said anything... 3rd Customer: Actually I do have one small complaint.,Monica Geller,9,19,4,3,S9E19
60185,Oh..please!I-I welcome criticism. 3rd Customer: The musician right outside the restaurant...it's kind of a mood-killer!,Monica Geller,9,19,4,4,S9E19
60199,": It wasn't just that she was fat, the woman smelled like garbage! Everyone! It wasn't just that she was fat the woman smelled like garbaaaaaage! Classy, uh?",Phoebe Buffay,9,19,5,12,S9E19
60253,"Hi, this is Ross Geller in suite 206. It seems you forgot a couple of things. Could you have some complimentary toiletries sent up to my room? Thank you! Ok. Toothbrush, toothpaste, razor, mouthwash, deodorant, dental floss, band aids, shaving cream, after shave... and I feel like I am forgetting something... Is there anything else you have that I haven't asked for already? Yeah, go ahead, send up some tampons. Ross: What did you get?",Ross Geller,9,19,8,1,S9E19
60261,"No, Chandler, you have to find the line between stealing and taking what the hotel owes you. For example: hair drier, no, no, no, but shampoo and conditioners, yes, yes, yes. Now, the salt shaker is off-limits, but the salt I wish I'd thought this through.",Ross Geller,9,19,8,9,S9E19
60266,"Yes, but the batteries... Chandler: Thank you, thank you very much!",Chandler Bing,9,19,8,14,S9E19
60288,It was hard! Phoebe: Hey!,Monica Geller,9,19,9,18,S9E19
60294,"Oh, ok. Fine, I'll just, I'll take the hat back . Rachel: Hey, so you guys, the funniest thing happened, at work...",Phoebe Buffay,9,19,9,24,S9E19
60311,"Oh we did, and you still have all your lamps. Chandler: Oh, I didn't factor in the room tax.",Chandler Bing,9,19,10,2,S9E19
60312,"Oh dude, don't worry about it, I found an unattended maid's car. We're way ahead of the game. Ross: Oh my god.",Ross Geller,9,19,10,3,S9E19
60319,"Ok, go quick! Ross: Thank you for a delightful stay. Ross: Oh, my maple candy!",Chandler Bing,9,19,10,10,S9E19
60321,"Food here at 'Javu'..will kill you..the food here at 'Javu' ...will kill you.. Monica: Thank god, it's just you! I thought someone was swinging a bag of cats against the wall.",Phoebe Buffay,9,19,11,1,S9E19
60327,"Excuse me, excuse me, hi, I'm Monica Geller..I'm the head chef here.. .. Ok, I was actually expecting a little applause there, but whatever! Ok, quick question: by a show of hands, how many of you were bothered by this woman's singing outside?",Monica Geller,9,19,11,7,S9E19
60329,"Alright, let me ask you this question: How many of you thought the music was fine, but not in keeping with the tone of the restaurant? .",Monica Geller,9,19,11,9,S9E19
60333,Excuse us! Alright here's a question: Who was so worried about her restaurant being fancy that she made a big deal about her friend playing her music and feels really bad about it now?,Monica Geller,9,19,11,13,S9E19
60338,Yeah! As long as it's free! Food here is ridiculously over-p... Phoebe: Who's hoping the hand raising thing is still cute enough that you won't hate me?,Phoebe Buffay,9,19,11,18,S9E19
60365,"Well.. hey, you know what else I could use? There's a scene where Drake sneaks into Olivia's bedroom, and she doesn't know he's there - which never happened with us! And he knows he shouldn't be there, but he just wants to look at her... you know? And I remember all those mornings before you even put on your make-up, when I would think to myself, my God, she...is... beautiful... and it hurts so much, cuz I knew I could never tell you but it was worth it just to be there looking at you. Joey: Thanks dude!!!This is GREAT!! Closing credits.",Joey Tribbiani,9,19,12,26,S9E19
60368,"Besides tampons and salt? Ooh! My God! Maple candy! That's so sweet of you. That's weird...it's empty! Ross: Hi you guys! what's going on, you... you guys wanna hang out...or...? do you...do you guys hear a buzzing?",Monica Geller,9,19,13,2,S9E19
60375,"It's a one-woman play called ""Why don't you like me: a bitter woman's journey through life"".",Joey Tribbiani,9,20,1,6,S9E20
60393,"Nobody, forget it! Rachel: Maybe.",Rachel Green,9,20,1,24,S9E20
60420,: Ross?,Monica Geller,9,20,2,23,S9E20
60421,"These aren't suede. Charlie: Excuse me, I'm looking for someone. You don't, by any chance, know a Ross Geller?",Ross Geller,9,20,2,24,S9E20
60527,"No, I arranged that... Joey: Hey you guys, I'm turning in. Have fun.",Ross Geller,9,20,5,39,S9E20
60546,Where the hell is everybody? Bitter lady: Why don't you like me?! Chapter One: My first period.,Chandler Bing,9,20,7,1,S9E20
60548,"Hey! Joey said no autographs! But if she's gettting one, then I want one too: To Monica. And none of this ""best wishes"" crap. I want ""love"".",Monica Geller,9,20,8,1,S9E20
60554,Ok Monica: We will!!,Rachel Green,9,20,8,7,S9E20
60559,"Please... Chandler is the love of my life... ... oooh leather pants! Have Mercy! Ross: So, eh... it's probably gonna be hard for you to leave Boston, huh?",Monica Geller,9,20,8,12,S9E20
60595,"Well, you're not gonna get one! Because in life there are no intermissions, people. Chapter 7: Divorce is a 4 letter word. How could he leave me?!?!",Bitter Lady,9,20,9,3,S9E20
60601,"Oh, I'm no actor, I'm a professor of palaeontology. Joey: It's a science.",Ross Geller,9,20,10,4,S9E20
60602,"Oh! Hey well listen, I play a scientist on ""Days"". And my character has just won the Nobel prize. Joey: Hey Ross, listen, Dirk was wondering about the woman that you brought and if you guys were together, or...",Dirk,9,20,10,5,S9E20
60605,"I'd lead with that. Monica: That's it, just sign right on the bra .",Ross Geller,9,20,10,8,S9E20
60607,"Don't worry Joe, I won't come next year! Joey: What have you got there?",Monica Geller,9,20,10,10,S9E20
60611,"Let me see if I approve any of these clowns. This guy wears a rug . This guy's Canadian . And this guy is in a cult, ok, and it costs you 5,000$ to get to level three and I don't feel any different. Joey: Pass, pass, oh, pass, double-pass, pass...",Joey Tribbiani,9,20,10,14,S9E20
60616,Who ? Joey: Me.,Rachel Green,9,20,10,19,S9E20
60621,"Oh, Very funny... Joey. Chandler: So, how did you enjoy the play?",Rachel Green,9,20,10,24,S9E20
60625,"Oh yeah! I mean at first I hated it, but why wouldn't I, because as a man I've been trained not to listen! But after chapter 16: ""fat, single and ready to mingle"", I was uplifted.",Chandler Bing,9,20,10,28,S9E20
60641,Stop going through my stuff ! Rachel: Hey!,Ross Geller,9,20,11,10,S9E20
60643,"I just wanted to let you know I've changed my mind: I'm gonna do it, I'm gonna kiss Joey.",Rachel Green,9,20,11,12,S9E20
60653,"No. Ross: Hey Rach, have you seen Charlie anywhere? Ross: I'm smarter than him!",Rachel Green,9,20,11,22,S9E20
60658,Why don't you like me! Chapter one: my first period.,Bitter Woman,9,20,11,27,S9E20
61151,"Oh, friends first, drunk in London, you know the story. I've got a better question for you: Do you or any of your blood relatives have diabetes?",Monica Geller,9,22,8,13,S9E22
61256,"And it could be soon. I mean, think about it: right now, somewhere out there our baby could be being conceived.",Monica Geller,9,22,12,61,S9E22
61356,"You could say: ""Hey Kenny, how come you're not Britney Spears?""",Joey Tribbiani,9,23,4,13,S9E23
61417,"Oh, ok, you want me to marry Mike? Alright, well, let's just gag him and handcuff him and force him down the aisle. I can just see it: ""Mike, do you take Phoebe..."" You know, it's every girl's dream!",Phoebe Buffay,9,23,6,32,S9E23
61419,"Sure! Look, ok, bottom line: I love Mike... David! David. I love David. Don't look at me that way, Roseanne Rosannadanna!",Phoebe Buffay,9,23,6,34,S9E23
61526,"Right and then everybody finds out and they're like: ""Oh, I knew all along""",Charlie Wheeler,9,23,10,25,S9E23
61527,"I know! It's like, if you knew, why didn't you tell me, you know? I mean, call, or leave a note: ""Hi, I just dropped by to say your wife's gay""",Ross Geller,9,23,10,26,S9E23
61625,"Finally, factoring the profusion of new species recently discovered: Gigantosaurus, Argentinasaurus...",Ross Geller,9,24,2,3,S9E24
61765,"Not working with me, Joe! Here's the thing: lately I have been having thoughts musings, if you will!",Rachel Green,9,24,8,4,S9E24
61788,"NO! No-no-no-no-no-no! Hey! Hey, we'll be fine! Li... hey, like you said: no big deal!",Joey Tribbiani,9,24,8,27,S9E24
61820,": Serve the ball, chump.",Mike Hannigan,9,24,9,24,S9E24
61894,"What? Homo ergaster: Some scientists classify some African erectus specimens as belonging to a separate species, Homo ergaster, which differs from the Asian H. erectus fossils in some details of the skull .",Rachel Green,9,24,12,14,S9E24
62428,"Are you kidding? That's what sisters are for. Frank Jr. : Look at them! Aw. I love you so much. Oh crap, don't wake up, don't wake up!",Phoebe Buffay,10,2,8,23,S10E2
62688,"It's so nice to see you! Both of you! Look at me. Look how young I look! Oh gosh! We have so much to catch up on! But first things first: touch my abs I don't exercise at all! Oh gosh, so Monica, you're married!",Amanda Buffamonteezi,10,3,8,14,S10E3
62987,"Ok, how about this: We got wind up toys for Emma for her birthday. We can make them race, and whoever comes in last, stays!",Monica Geller,10,4,3,90,S10E4
63382,"You know what? When I moved in here I thought: This is gonna be so great. Just us sisters, back together again like when we were kids, except without that stupid Jill... Oh! Who has gotten fat by the way...",Amy Green,10,5,12,13,S10E5
63798,"Right. Well, on behalf of the children: thank you both very much.",Charity Guy,10,7,3,13,S10E7
64180,"We're just... we're trying to figure out an excuse. Hey! Ooh! How about this: We can say that Monica told us 5 o'clock, not 4 o'clock. That way we're right on time! OR... or, we can plant PCP in the apartment and call the cops on her.",Phoebe Buffay,10,8,8,10,S10E8
64198,"Wha...? Oh sure, now they lock it, but when they're having sex on the couch, its like: ""Come on in, my butt is surprisingly hairy"".",Ross Geller,10,8,8,28,S10E8
64230,"Oh! It all looks so beautiful: the turkey, the stuffing...",Joey Tribbiani,10,8,8,60,S10E8
64391,"Yeah. Just weird, you know. It's like: ""Hi, I'm Chandler. May I have the human growing inside you?""",Chandler Bing,10,9,3,3,S10E9
64446,"Both logic and math are taking a serious hit today. Phoebe : Hey, check this out! It's totally you!",Ross Geller,10,9,5,9,S10E9
64753,"Well, it is, all right? When we were out there today, all I kept thinking was: I can't believe Chandler is screwing this woman, but MAN this would be a nice place to live!",Rachel Green,10,10,5,53,S10E10
65149,"Well, I did and it hurt. That's when I wrote the song: ""Betrayal In The Common Room"".",Chandler Bing,10,11,10,2,S10E11
65427,"More back talk. And yes, I may be borrowing a few lines from my recent unsuccessful audition for ""Family Honor 2: Thissa Time Itsa Personal.""",Joey Tribbiani,10,12,6,13,S10E12
66088,Yes I did! Meet: Princess Consuela Banana Hammock!,Phoebe Buffay,10,14,7,8,S10E14
66310,"Look, she loved her job here. And let's face it: you're not gonna find anyone who did it as well as she did it. Isn't that true?",Ross Geller,10,15,3,10,S10E15
66568,"Rock on! Phoebe : Wow, this is quite a spread! What is all this stuff?",Ross Geller,10,16,4,6,S10E16
66569,"Well, I thought this would be a great opportunity to use up all the food that I don't want to move to the new house with me! So, enjoy: smoke oyster casserole with a breakfast cereal crust, kidney beans in their own juices, and for dessert, a questionable orange.",Monica Geller,10,16,4,7,S10E16
67198,"Oh, okay. Alright, it's flight 421. Leaves at 8:40.",Monica Geller,10,18,4,16,S10E18
67200,"That's what it says here. Flight 421, leaves at 8:40, Newark airport.",Monica Geller,10,18,4,18,S10E18
